<?xml version="1.0" encoding="UTF-8"?>
<project-private xmlns="http://www.netbeans.org/ns/project-private/1">
    <editor-bookmarks xmlns="http://www.netbeans.org/ns/editor-bookmarks/2" lastBookmarkId="0"/>
    <open-files xmlns="http://www.netbeans.org/ns/projectui-open-files/2">
        <group name="Pharos New">
            <file>file:/D:/Dhana/xampp/htdocs/dev_food/fos_oracle/oracle_db_connect.php</file>
            <file>file:/D:/Dhana/xampp/htdocs/dev_food/fos_oracle/home.php</file>
            <file>file:/D:/Dhana/xampp/htdocs/dev_food/fos_oracle/admin/admin_class.php</file>
            <file>file:/D:/Dhana/xampp/htdocs/dev_food/fos_oracle/index.php</file>
            <file>file:/D:/Dhana/xampp/htdocs/dev_food/fos_oracle/admin/users.php</file>
            <file>file:/D:/Dhana/xampp/htdocs/dev_food/fos_oracle/admin/site_settings.php</file>
            <file>file:/D:/Dhana/xampp/htdocs/dev_food/fos_oracle/footer.php</file>
            <file>file:/D:/Dhana/xampp/htdocs/dev_food/fos_oracle/oracle.php</file>
            <file>file:/D:/Dhana/xampp/htdocs/dev_food/fos_oracle/cart_list.php</file>
            <file>file:/D:/Dhana/xampp/htdocs/dev_food/fos_oracle/admin/menu.php</file>
            <file>file:/D:/Dhana/xampp/htdocs/dev_food/fos_oracle/about.php</file>
            <file>file:/D:/Dhana/xampp/htdocs/dev_food/fos_oracle/admin/ajax.php</file>
            <file>file:/D:/Dhana/xampp/htdocs/dev_food/fos_oracle/admin/login.php</file>
            <file>file:/D:/Dhana/xampp/htdocs/dev_food/fos_oracle/ac_cred.inc.php</file>
            <file>file:/D:/Dhana/xampp/htdocs/dev_food/fos_oracle/admin/categories.php</file>
        </group>
    </open-files>
</project-private>
